Tea - Decaf 1 Cup,bartender,3305
Tea - Jasmin Green,cervecero,2682
Chocolate - Milk Coating,bartender,4160
Bread - 10 Grain Parisian,cocinero,4978
"Wine - White, Riesling, Henry Of",bartender,4501
Croissants Thaw And Serve,cocinero,1020
Pastry - Cherry Danish - Mini,bartender,487
Compound - Mocha,bartender,700
Wine - Chianti Classica Docg,bartender,469
Ice Cream Bar - Rolo Cone,cocinero,4954
Bread - Raisin Walnut Oval,bartender,3989
"Lobster - Baby, Boiled",cocinero,3650
"Mushroom - Shitake, Fresh",bartender,3537
Baking Soda,cocinero,4827
"Vermouth - White, Cinzano",cervecero,2916
Pastry - Trippleberry Muffin - Mini,cocinero,4239
Sobe - Tropical Energy,cervecero,2467
Soup - Campbells Beef Stew,cervecero,1228
Bread - Onion Focaccia,bartender,882
Chambord Royal,cocinero,799
Wine - Sake,cervecero,534
Potato - Sweet,bartender,2803
Wine - Sawmill Creek Autumn,cervecero,3373
"Beans - Kidney, Red Dry",cervecero,3530
Garbage Bags - Black,cervecero,2526
Dill Weed - Dry,cocinero,918
Cheese Cloth No 60,bartender,916
Carbonated Water - Blackcherry,cervecero,4414
Piping - Bags Quizna,cervecero,931
Cheese - Perron Cheddar,cocinero,4075
Ezy Change Mophandle,cervecero,742
Rice Wine - Aji Mirin,cocinero,3165
Veal - Inside,bartender,1523
Cup Translucent 9 Oz,cervecero,4325
Hagen Daza - Dk Choocolate,bartender,1702
Wine - Black Tower Qr,bartender,1481
Coconut - Whole,cervecero,4560
"Vinegar - Balsamic, White",cocinero,617
Veal - Sweetbread,cocinero,4805
Cocoa Butter,cocinero,3594
Tamarillo,cervecero,548
Sage Derby,cervecero,3319
Crawfish,bartender,1973
Icecream - Dstk Super Cone,bartender,2861
Wine - Segura Viudas Aria Brut,cervecero,2843
Shrimp - Prawn,cocinero,1448
Compound - Orange,cocinero,1647
Pepper Squash,bartender,2293
"Veal - Brisket, Provimi,bnls",cocinero,359
Pepsi - 600ml,bartender,1440
Whmis Spray Bottle Graduated,bartender,1864
Vacuum Bags 12x16,cocinero,368
Cream - 18%,cocinero,1497
Peppercorns - Pink,bartender,3492
"Bread - Dark Rye, Loaf",bartender,3401
Bread Crumbs - Panko,cocinero,3780
Cranberries - Frozen,bartender,2943
"Quail - Eggs, Fresh",cervecero,2550
Cup - 4oz Translucent,bartender,3988
Cheese - Mozzarella,cervecero,3271
Campari,cervecero,3141
Sage Derby,cocinero,3789
Filling - Mince Meat,bartender,1666
"Yogurt - Peach, 175 Gr",cervecero,402
Zucchini - Yellow,bartender,1604
Cleaner - Lime Away,cocinero,2798
Pate - Liver,bartender,3431
Pear - Halves,cocinero,2726
Dill Weed - Dry,bartender,4496
"Crush - Orange, 355ml",cocinero,957
"Juice - Clamato, 341 Ml",bartender,823
Cookies - Englishbay Chochip,cocinero,1106
Raisin - Dark,cocinero,1330
Beer - Guiness,bartender,3401
Mikes Hard Lemonade,bartender,3609
Chicken - Ground,bartender,4577
Beans - Fava Fresh,cervecero,1814
Nantuket Peach Orange,bartender,508
Longos - Chicken Curried,bartender,3847
"Tart Shells - Sweet, 2",cocinero,3189
Bread - Burger,cocinero,1712
Appetizer - Mango Chevre,cervecero,4860
Everfresh Products,cocinero,3170
Cheese - St. Paulin,bartender,3829
Wine - Alsace Gewurztraminer,cocinero,3680
Soup Bowl Clear 8oz92008,cervecero,3141
Chinese Foods - Pepper Beef,cervecero,3194
Pineapple - Regular,cervecero,825
Asparagus - Mexican,cocinero,4130
General Purpose Trigger,cocinero,1068
Macaroons - Homestyle Two Bit,cervecero,4441
Flower - Commercial Bronze,cervecero,780
Wine - Valpolicella Masi,bartender,3492
Ham - Proscuitto,cocinero,421
Lobster - Cooked,cocinero,991
Scampi Tail,cocinero,3088
Foil - 4oz Custard Cup,cervecero,433
Icecream Cone - Areo Chocolate,bartender,3662
"Doilies - 5, Paper",cervecero,1448
"Mushroom - Enoki, Dry",cervecero,4000
